エリア,発電事業者,発電所コード,発電所名,発電形式,ユニット名,認可出力,認可出力（変更後）,適用開始日,稼働開始日,稼働終了日,最終更新日時
"沖縄","沖縄電力株式会社","00101","吉の浦1号","火力（ガス）","1号機","251000","","","1900/01/01","9999/12/31","2016/04/12 17:44",
"沖縄","沖縄電力株式会社","00102","吉の浦2号","火力（ガス）","2号機","251000","","","1900/01/01","9999/12/31","2016/04/12 17:45",
"沖縄","沖縄電力株式会社","04002","牧港GT2号","火力（石油）","GT2号機","103000","","","1900/01/01","9999/12/31","2022/08/17 16:28",
"沖縄","沖縄電力株式会社","05001","牧港9号","火力（石油）","9号機","125000","","","1900/01/01","9999/12/31","2016/04/12 17:21",
"沖縄","沖縄電力株式会社","05301","石川1号","火力（石油）","1号機","125000","","","1900/01/01","9999/12/31","2016/04/12 17:29",
"沖縄","沖縄電力株式会社","05302","石川2号","火力（石油）","2号機","125000","","","1900/01/01","9999/12/31","2016/04/12 17:33",
"沖縄","沖縄電力株式会社","05303","石川GT1号","火力（石油）","GT1号機","103000","","","1900/01/01","9999/12/31","2022/08/17 16:25",
"沖縄","電源開発","05451","石川石炭火力発電所１号機","火力（石炭）","1号機","156000","","","1900/01/01","9999/12/31","2016/04/13 09:08",
"沖縄","電源開発","05452","石川石炭火力発電所２号機","火力（石炭）","2号機","156000","","","1900/01/01","9999/12/31","2016/04/13 09:08",
"沖縄","沖縄電力株式会社","07001","具志川1号","火力（石炭）","1号機","156000","","","1900/01/01","9999/12/31","2019/12/18 18:35",
"沖縄","沖縄電力株式会社","07002","具志川2号","火力（石炭）","2号機","156000","","","1900/01/01","9999/12/31","2016/04/12 17:48",
"沖縄","沖縄電力株式会社","09201","金武1号","火力（石炭）","1号機","220000","","","1900/01/01","9999/12/31","2016/04/12 17:42",
"沖縄","沖縄電力株式会社","09202","金武2号","火力（石炭）","2号機","220000","","","1900/01/01","9999/12/31","2016/04/12 17:41",
"北海道","北海道電力株式会社","10001","泊発電所","原子力","１号機","579000","","","1900/01/01","9999/12/31","2016/04/12 19:23",
"北海道","北海道電力株式会社","10001","泊発電所","原子力","２号機","579000","","","1900/01/01","9999/12/31","2016/04/12 19:24",
"北海道","北海道電力株式会社","10001","泊発電所","原子力","３号機","912000","","","1900/01/01","9999/12/31","2016/04/12 19:26",
"北海道","北海道電力株式会社","10006","苫東厚真発電所","火力（石炭）","１号機","350000","","","1900/01/01","9999/12/31","2016/04/13 08:27",
"北海道","北海道電力株式会社","10010","苫東厚真発電所","火力（石炭）","２号機","600000","","","1900/01/01","9999/12/31","2016/04/13 08:28",
"北海道","北海道電力株式会社","10011","苫東厚真発電所","火力（石炭）","４号機","700000","","","1900/01/01","9999/12/31","2016/04/13 08:29",
"北海道","北海道電力株式会社","10019","石狩湾新港発電所","火力（ガス）","１号機","569400","","","2019/02/27","9999/12/31","2019/02/25 16:00",
"北海道","北海道電力株式会社","10203","奈井江発電所","火力（石炭）","１号機","175000","","","1900/01/01","2027/03/31","2023/12/04 15:10",
"北海道","北海道電力株式会社","10204","苫小牧発電所","火力（石油）","単独","250000","","","1900/01/01","9999/12/31","2016/04/13 08:45",
"北海道","北海道電力株式会社","10205","伊達発電所","火力（石油）","１号機","350000","","","1900/01/01","9999/12/31","2016/04/13 08:31",
"北海道","北海道電力株式会社","10207","知内発電所","火力（石油）","１号機","350000","","","1900/01/01","9999/12/31","2016/04/13 08:42",
"北海道","北海道電力株式会社","10212","奈井江発電所","火力（石炭）","２号機","175000","","","1900/01/01","2027/03/31","2023/12/04 15:11",
"北海道","北海道電力株式会社","10213","伊達発電所","火力（石油）","２号機","350000","","","1900/01/01","9999/12/31","2016/04/13 08:32",
"北海道","北海道電力株式会社","10214","知内発電所","火力（石油）","２号機","350000","","","1900/01/01","9999/12/31","2016/04/13 08:43",
"北海道","北海道電力株式会社","10215","砂川発電所","火力（石炭）","４号機","125000","","","1900/01/01","2027/03/31","2023/12/04 15:12",
"北海道","北海道パワーエンジニアリング株式会社","10216","北海道ﾊﾟﾜｰｴﾝｼﾞﾆｱﾘﾝｸﾞ株式会社　苫小牧共同火力発電所3G","火力（石油）","単独","250000","","","1900/01/01","9999/12/31","2016/05/30 14:35",
"北海道","北海道電力株式会社","10602","砂川発電所","火力（石炭）","３号機","125000","","","1900/01/01","2027/03/31","2023/12/04 15:12",
"北海道","北海道電力株式会社","13017","京極発電所","水力","１号機","200000","","","1900/01/01","9999/12/31","2016/04/13 08:58",
"北海道","北海道電力株式会社","13017","京極発電所","水力","２号機","200000","","","1900/01/01","9999/12/31","2016/04/13 09:05",
"北海道","株式会社釧路火力発電所","15775","釧路火力発電所","","1","112000","","","2020/12/01","9999/12/31","2023/07/31 14:21",
"北海道","北海道電力株式会社","16206","新冠発電所","水力","１号機","100000","","","1900/01/01","9999/12/31","2016/04/13 08:48",
"北海道","北海道電力株式会社","16206","新冠発電所","水力","２号機","100000","","","1900/01/01","9999/12/31","2016/04/13 08:50",
"北海道","北海道電力株式会社","16212","高見発電所","水力","１号機","100000","","","1900/01/01","9999/12/31","2016/04/13 08:52",
"北海道","北海道電力株式会社","16212","高見発電所","水力","２号機","100000","","","1900/01/01","9999/12/31","2016/04/13 08:57",
"東北","東北電力株式会社","21001","東通原子力発電所","原子力","東通原子力発電所1号機","1100000","","","1900/01/01","9999/12/31","2025/09/03 11:34",
"東北","相馬共同火力発電株式会社","2500125017","相馬共同火力発電株式会社新地火力発電所","火力（石炭）","新地1号機","1000000","","","1900/01/01","9999/12/31","2016/04/19 16:13",
"東北","相馬共同火力発電株式会社","2500125017","相馬共同火力発電株式会社新地火力発電所","火力（石炭）","新地2号機","1000000","","","1900/01/01","9999/12/31","2016/04/19 16:15",
"東北","東北電力株式会社","29538","東北電力上越火力発電所１号機","火力（ガス）","１号機","599000","","","2022/12/01","9999/12/31","2026/01/30 14:07",
"東北","東北電力株式会社","2A129","東北電力八戸火力発電所５号機","火力（ガス）","５号機ＳＴ","141900","","","1900/01/01","9999/12/31","2016/04/28 15:37",
"東北","東北電力株式会社","2A129","東北電力八戸火力発電所５号機","火力（ガス）","５号機ＧＴＢ","276100","","","1900/01/01","9999/12/31","2016/04/28 15:38",
"東北","東北電力株式会社","2F104","東北電力能代火力発電所１号機","火力（石炭）","１号機","600000","","","1900/01/01","9999/12/31","2016/04/28 15:39",
"東北","東北電力株式会社","2F105","東北電力能代火力発電所２号機","火力（石炭）","２号機","600000","","","1900/01/01","9999/12/31","2016/04/28 15:41",
"東北","東北電力株式会社","2F109","東北電力能代火力発電所３号機","火力（石炭）","３号機","600000","","","2020/03/02","9999/12/31","2020/03/02 17:03",
"東北","東北電力株式会社","2J102","女川原子力発電所","原子力","女川原子力発電所2号機","825000","","","1900/01/01","9999/12/31","2016/04/28 18:49",
"東北","東北電力株式会社","2J103","女川原子力発電所","原子力","女川原子力発電所3号機","825000","","","1900/01/01","9999/12/31","2016/04/28 20:03",
"東北","日本製紙石巻エネルギーセンター","2J138","石巻雲雀野発電所","火力（石炭）","1号機","149000","","","2018/03/01","9999/12/31","2018/06/01 13:54",
"東北","仙台パワーステーション株式会社","2K210","仙台パワーステーション","火力（石炭）","単独","112000","","","2017/10/01","9999/12/31","2018/03/06 13:18",
"東北","東北電力株式会社","2K218","東北電力仙台火力発電所４号機","火力（ガス）","４号機","468000","","","1900/01/01","9999/12/31","2020/08/18 11:09",
"東北","東北電力株式会社","2K219","東北電力新仙台火力発電所３号系列","火力（ガス）","３－１号機","523000","","","1900/01/01","9999/12/31","2020/08/18 11:18",
"東北","東北電力株式会社","2K219","東北電力新仙台火力発電所３号系列","火力（ガス）","３－２号機","523000","","","1900/01/01","9999/12/31","2020/08/18 11:21",
"東北","仙台港バイオマスパワー合同会社","2K264","仙台港バイオマスパワー発電所","その他","単独","112000","","","2025/11/24","2045/08/31","2026/02/03 12:06",
"東北","エイブルエナジー合同会社","2S319","福島いわきバイオマス発電所","その他","1","112000","","","2022/04/01","9999/12/31","2022/07/07 11:11",
"東北","電源開発","2T402","電源開発田子倉発電所(東北)","水力","1号機","100000","","","1900/01/01","9999/12/31","2016/04/12 10:53",
"東北","電源開発","2T402","電源開発田子倉発電所(東北)","水力","2号機","100000","","","1900/01/01","9999/12/31","2016/04/12 10:55",
"東北","電源開発","2T402","電源開発田子倉発電所(東北)","水力","3号機","100000","","","1900/01/01","9999/12/31","2016/04/12 10:57",
"東北","電源開発","2T402","電源開発田子倉発電所(東北)","水力","4号機","100000","","","1900/01/01","9999/12/31","2016/04/12 11:23",
"東北","東北電力株式会社","2T406","第二沼沢発電所","水力","１号機","230000","","","1900/01/01","9999/12/31","2016/04/28 16:01",
"東北","東北電力株式会社","2T407","第二沼沢発電所","水力","２号機","230000","","","1900/01/01","9999/12/31","2016/04/28 16:02",
"東北","東北電力株式会社","2U308","東北電力原町火力発電所１号機","火力（石炭）","１号機","1000000","","","1900/01/01","9999/12/31","2016/04/28 15:55",
"東北","東北電力株式会社","2U309","東北電力原町火力発電所２号機","火力（石炭）","２号機","1000000","","","1900/01/01","9999/12/31","2016/04/28 15:57",
"東北","東北電力株式会社","2V402","東北電力東新潟火力発電所３号系列","火力（ガス）","３－６号機GTB","137000","","","1900/01/01","9999/12/31","2016/04/28 16:14",
"東北","東北電力株式会社","2V402","東北電力東新潟火力発電所３号系列","火力（ガス）","３－１号機ＳＴ","203000","","","1900/01/01","9999/12/31","2016/04/28 16:06",
"東北","東北電力株式会社","2V402","東北電力東新潟火力発電所３号系列","火力（ガス）","３－１号機ＧＴＢ","137000","","","1900/01/01","9999/12/31","2016/04/28 16:07",
"東北","東北電力株式会社","2V402","東北電力東新潟火力発電所３号系列","火力（ガス）","３－２号機ＧＴＢ","137000","","","1900/01/01","9999/12/31","2016/04/28 16:09",
"東北","東北電力株式会社","2V402","東北電力東新潟火力発電所３号系列","火力（ガス）","３－３号機ＧＴＢ","137000","","","1900/01/01","9999/12/31","2016/04/28 16:10",
"東北","東北電力株式会社","2V402","東北電力東新潟火力発電所３号系列","火力（ガス）","３－２号機ＳＴ","203000","","","1900/01/01","9999/12/31","2016/04/28 16:11",
"東北","東北電力株式会社","2V402","東北電力東新潟火力発電所３号系列","火力（ガス）","３－４号機ＧＴＢ","137000","","","1900/01/01","9999/12/31","2016/04/28 16:12",
"東北","東北電力株式会社","2V402","東北電力東新潟火力発電所３号系列","火力（ガス）","３－５号機ＧＴＢ","137000","","","1900/01/01","9999/12/31","2016/04/28 16:13",
"東北","東北電力株式会社","2V403","東北電力東新潟火力発電所４号系列","火力（ガス）","４－１号機ＳＴ","280300","","","1900/01/01","9999/12/31","2020/11/18 14:31",
"東北","東北電力株式会社","2V403","東北電力東新潟火力発電所４号系列","火力（ガス）","４－１号機ＧＴＢ","298800","","","1900/01/01","9999/12/31","2020/11/18 14:32",
"東北","東北電力株式会社","2V403","東北電力東新潟火力発電所４号系列","火力（ガス）","４－２号機ＧＴＢ","298800","","","1900/01/01","9999/12/31","2020/11/18 14:34",
"東北","東北電力株式会社","2V403","東北電力東新潟火力発電所４号系列","火力（ガス）","４－２号機ＳＴ","295000","","","1900/01/01","9999/12/31","2016/04/28 16:19",
"東北","東北電力株式会社","2V403","東北電力東新潟火力発電所４号系列","火力（ガス）","４－３号機ＧＴＢ","295000","","","1900/01/01","9999/12/31","2016/04/28 16:20",
"東北","東北電力株式会社","2V403","東北電力東新潟火力発電所４号系列","火力（ガス）","４－４号機ＧＴＢ","295000","","","1900/01/01","9999/12/31","2016/04/28 16:21",
"東北","東北電力株式会社","2W422","東北電力東新潟火力発電所１号機","火力（ガス）","１号機","600000","","","1900/01/01","9999/12/31","2025/09/03 11:35",
"東北","東北電力株式会社","2W423","東北電力東新潟火力発電所２号機","火力（ガス）","２号機","600000","","","1900/01/01","9999/12/31","2025/09/03 11:35",
"東北","電源開発","30201","電源開発下郷発電所","水力","1号機","250000","","","1900/01/01","9999/12/31","2016/04/12 10:39",
"東北","電源開発","30201","電源開発下郷発電所","水力","2号機","250000","","","1900/01/01","9999/12/31","2016/04/12 10:40",
"東北","電源開発","30201","電源開発下郷発電所","水力","3号機","250000","","","1900/01/01","9999/12/31","2019/02/20 13:06",
"東北","電源開発","30201","電源開発下郷発電所","水力","4号機","250000","","","1900/01/01","9999/12/31","2016/04/12 10:43",
"東京","東京電力リニューアブルパワー株式会社","30202","塩原発電所","水力","1号機","300000","","","1900/01/01","9999/12/31","2020/04/03 11:49",
"東京","東京電力リニューアブルパワー株式会社","30202","塩原発電所","水力","2号機","300000","","","1900/01/01","9999/12/31","2020/04/03 11:49",
"東京","東京電力リニューアブルパワー株式会社","30202","塩原発電所","水力","3号機","300000","","","1900/01/01","9999/12/31","2020/04/03 11:48",
"東京","東京電力リニューアブルパワー株式会社","30203","今市発電所","水力","1号機","350000","","","1900/01/01","9999/12/31","2020/04/03 11:48",
"東京","東京電力リニューアブルパワー株式会社","30203","今市発電所","水力","2号機","350000","","","1900/01/01","9999/12/31","2020/04/03 11:48",
"東京","東京電力リニューアブルパワー株式会社","30203","今市発電所","水力","3号機","350000","","","1900/01/01","9999/12/31","2020/04/03 11:47",
"東京","電源開発","30204","電源開発沼原発電所","水力","1号機","225000","","","1900/01/01","9999/12/31","2019/02/20 13:07",
"東京","電源開発","30204","電源開発沼原発電所","水力","2号機","225000","","","1900/01/01","9999/12/31","2016/04/12 10:36",
"東京","電源開発","30204","電源開発沼原発電所","水力","3号機","225000","","","1900/01/01","9999/12/31","2016/04/12 10:37",
"東京","日本原子力発電株式会社","30302","東海第二発電所","原子力","単独","1100000","","","1978/11/28","9999/12/31","2022/12/16 16:46",
"東京","ＪＦＥスチール株式会社","30509","ＪＦＥスチール株式会社川鉄千葉クリーンパワーステーション","火力（ガス）","ＪＦＥ千葉ＩＰＰ","466100","","","1900/01/01","9999/12/31","2018/02/13 09:12",
"東京","ＪＦＥスチール株式会社","30509","ＪＦＥスチール株式会社 東日本製鉄所(千葉地区) コンバインド発電所","火力（ガス）","コンバインド発電所","149000","","","1900/01/01","9999/12/31","2016/06/29 15:27",
"東京","ＪＦＥスチール株式会社","30509","ＪＦＥスチール株式会社 東日本製鉄所(千葉地区) 西発電所","火力（ガス）","西発電所３号機","138000","","","1900/01/01","9999/12/31","2016/05/26 18:05",
"東京","ＪＦＥスチール株式会社","30509","ＪＦＥスチール株式会社 東日本製鉄所(千葉地区) 西発電所","火力（ガス）","西発電所４号機ガスタービン","143680","","","1900/01/01","9999/12/31","2016/05/26 18:11",
"東京","ゼロワットパワー株式会社","30557","ゼロワットパワー株式会社　市原発電所","火力（ガス）","単独","100550","","","2022/07/01","9999/12/31","2023/08/01 17:24",
"東京","ゼロワットパワー株式会社","30558","ゼロワットパワー株式会社　美浜発電所","火力（ガス）","単独","100800","","","2022/07/01","9999/12/31","2022/07/04 13:40",
"東京","株式会社中袖クリーンパワー","30563","中袖クリーンパワー発電所","火力（ガス）","コンバインド","107390","","","2007/10/30","9999/12/31","2019/04/26 10:17",
"東北","電源開発","31003","電源開発奥只見発電所","水力","1号機","120000","","","1900/01/01","9999/12/31","2016/04/12 10:44",
"東北","電源開発","31003","電源開発奥只見発電所","水力","2号機","120000","","","1900/01/01","9999/12/31","2016/04/12 10:49",
"東北","電源開発","31003","電源開発奥只見発電所","水力","3号機","126000","","","1900/01/01","9999/12/31","2025/11/12 10:11",
"東北","電源開発","31003","電源開発奥只見発電所","水力","4号機","200000","","","1900/01/01","9999/12/31","2016/04/12 10:51",
"東京","東京電力リニューアブルパワー株式会社","31007","玉原発電所","水力","1号機","300000","","","1900/01/01","9999/12/31","2020/04/03 11:47",
"東京","東京電力リニューアブルパワー株式会社","31007","玉原発電所","水力","2号機","300000","","","1900/01/01","9999/12/31","2020/04/03 11:47",
"東京","東京電力リニューアブルパワー株式会社","31007","玉原発電所","水力","3号機","300000","","","1900/01/01","9999/12/31","2020/04/03 11:46",
"東京","東京電力リニューアブルパワー株式会社","31007","玉原発電所","水力","4号機","300000","","","1900/01/01","9999/12/31","2020/04/03 11:46",
"東京","東日本旅客鉄道株式会社","31052","小千谷第二発電所","水力","1号機","103000","","","1900/01/01","9999/12/31","2017/07/19 17:23",
"東京","東日本旅客鉄道株式会社","31052","小千谷第二発電所","水力","2号機","103000","","","1900/01/01","9999/12/31","2017/07/19 17:25",
"東北","電源開発","31201","電源開発奥清津発電所","水力","1号機","250000","","","1900/01/01","9999/12/31","2016/04/12 11:24",
"東北","電源開発","31201","電源開発奥清津発電所","水力","2号機","250000","","","1900/01/01","9999/12/31","2016/04/12 11:26",
"東北","電源開発","31201","電源開発奥清津発電所","水力","3号機","250000","","","1900/01/01","9999/12/31","2016/04/12 11:28",
"東北","電源開発","31201","電源開発奥清津発電所","水力","4号機","250000","","","1900/01/01","9999/12/31","2016/04/12 11:30",
"東京","東京電力ホールディングス株式会社","31202","東京柏崎刈羽","原子力","柏崎刈羽1号機","1100000","","","1900/01/01","9999/12/31","2016/04/18 14:24",
"東京","東京電力ホールディングス株式会社","31202","東京柏崎刈羽","原子力","柏崎刈羽2号機","1100000","","","1900/01/01","9999/12/31","2016/04/18 14:25",
"東京","東京電力ホールディングス株式会社","31202","東京柏崎刈羽","原子力","柏崎刈羽3号機","1100000","","","1900/01/01","9999/12/31","2026/02/12 09:31",
"東京","東京電力ホールディングス株式会社","31202","東京柏崎刈羽","原子力","柏崎刈羽4号機","1100000","","","1900/01/01","9999/12/31","2016/04/18 14:25",
"東京","東京電力ホールディングス株式会社","31202","東京柏崎刈羽","原子力","柏崎刈羽5号機","1100000","","","1900/01/01","9999/12/31","2016/04/18 14:26",
"東京","東京電力ホールディングス株式会社","31202","東京柏崎刈羽","原子力","柏崎刈羽6号機","1356000","","","1900/01/01","9999/12/31","2016/04/18 14:26",
"東京","東京電力ホールディングス株式会社","31202","東京柏崎刈羽","原子力","柏崎刈羽7号機","1356000","","","1900/01/01","9999/12/31","2016/04/18 14:26",
"東京","東京電力リニューアブルパワー株式会社","31203","神流川発電所","水力","1号機","470000","","","1900/01/01","9999/12/31","2020/04/03 11:46",
"東京","東京電力リニューアブルパワー株式会社","31203","神流川発電所","水力","2号機","470000","","","1900/01/01","9999/12/31","2020/04/03 11:45",
"東北","電源開発","31204","電源開発奥清津第二発電所","水力","1号機","300000","","","1900/01/01","9999/12/31","2016/04/12 10:57",
"東北","電源開発","31204","電源開発奥清津第二発電所","水力","2号機","300000","","","1900/01/01","9999/12/31","2016/04/12 10:58",
"東京","東京電力リニューアブルパワー株式会社","31301","新高瀬川発電所","水力","1号機","320000","","","1900/01/01","9999/12/31","2020/04/03 11:42",
"東京","東京電力リニューアブルパワー株式会社","31301","新高瀬川発電所","水力","2号機","320000","","","1900/01/01","9999/12/31","2020/04/03 11:41",
"東京","東京電力リニューアブルパワー株式会社","31301","新高瀬川発電所","水力","3号機","320000","","","1900/01/01","9999/12/31","2020/04/03 11:41",
"東京","東京電力リニューアブルパワー株式会社","31301","新高瀬川発電所","水力","4号機","320000","","","1900/01/01","9999/12/31","2020/04/03 11:40",
"東京","東京電力リニューアブルパワー株式会社","31302","安曇発電所","水力","1号機","105500","","","1900/01/01","9999/12/31","2020/04/03 11:44",
"東京","東京電力リニューアブルパワー株式会社","31302","安曇発電所","水力","2号機","105500","","","1900/01/01","9999/12/31","2020/04/03 11:44",
"東京","東京電力リニューアブルパワー株式会社","31302","安曇発電所","水力","3号機","103000","","","1900/01/01","9999/12/31","2020/04/03 11:43",
"東京","東京電力リニューアブルパワー株式会社","31302","安曇発電所","水力","4号機","103000","","","1900/01/01","9999/12/31","2020/04/03 11:43",
"東京","東京電力リニューアブルパワー株式会社","31302","安曇発電所","水力","5号機","103000","","","1900/01/01","9999/12/31","2020/04/03 11:42",
"東京","東京電力リニューアブルパワー株式会社","31302","安曇発電所","水力","6号機","103000","","","1900/01/01","9999/12/31","2020/04/03 11:42",
"東京","電源開発","31804","電源開発磯子火力発電所新１号機","火力（石炭）","1号機","600000","","","1900/01/01","9999/12/31","2016/04/12 11:06",
"東京","電源開発","31805","電源開発磯子火力発電所新２号機","火力（石炭）","2号機","600000","","","1900/01/01","9999/12/31","2018/02/13 10:09",
"東京","ＪＦＥスチール株式会社","32055","ＪＦＥスチール株式会社 東日本製鉄所(京浜地区)扇島火力発電所","火力（ガス）","扇島火力発電所 新１号機","188200","","","2019/11/20","9999/12/31","2019/11/19 18:02",
"東京","東京電力リニューアブルパワー株式会社","32201","葛野川発電所","水力","1号機","400000","","","1900/01/01","9999/12/31","2020/04/03 11:45",
"東京","東京電力リニューアブルパワー株式会社","32201","葛野川発電所","水力","2号機","400000","","","1900/01/01","9999/12/31","2020/04/03 11:45",
"東京","東京電力リニューアブルパワー株式会社","32201","葛野川発電所","水力","4号機","400000","","","1900/01/01","9999/12/31","2020/04/03 11:44",
"東京","東日本旅客鉄道株式会社","32469","川崎発電所","火力（ガス）","1号機","212600","","","2021/03/06","9999/12/31","2021/02/22 11:05",
"東京","東日本旅客鉄道株式会社","32469","川崎発電所","火力（ガス）","2号機","187400","","","1900/01/01","9999/12/31","2017/07/19 17:34",
"東京","東日本旅客鉄道株式会社","32469","川崎発電所","火力（ガス）","3号機","198400","","","1900/01/01","9999/12/31","2017/07/19 17:35",
"東京","東日本旅客鉄道株式会社","32469","川崎発電所","火力（ガス）","4号機","210600","","","1900/01/01","9999/12/31","2017/07/19 17:36",
"東京","株式会社コベルコパワー真岡","325RY","真岡発電所","火力（ガス）","1号機","624100","","","2019/09/12","9999/12/31","2019/08/23 10:50",
"東京","株式会社コベルコパワー真岡","325RY","真岡発電所","火力（ガス）","2号機","624100","","","2020/01/29","9999/12/31","2020/01/20 16:23",
"東京","かみすパワー株式会社","327A9","神栖火力発電所","火力（石炭）","単独","112000","","","2018/10/15","9999/12/31","2018/10/10 16:00",
"東京","勿来ＩＧＣＣパワー合同会社","327U5","勿来ＩＧＣＣ発電所","火力（石炭）","単独","525000","","","2021/04/16","9999/12/31","2022/01/18 13:22",
"東京","広野ＩＧＣＣパワー合同会社","327W1","広野ＩＧＣＣ発電所","火力（石炭）","単独","543000","","","2021/11/19","9999/12/31","2023/01/30 14:17",
"東京","株式会社JERA","327YK","常陸那珂共同火力発電所","火力（石炭）","常陸那珂共同火力１号","650000","","","2021/01/07","9999/12/31","2025/04/09 15:16",
"東京","株式会社JERA","328RU","姉崎火力発電所","火力（ガス）","姉崎新３号","646900","","","2023/08/01","9999/12/31","2025/04/09 15:20",
"東京","株式会社JERA","328RV","姉崎火力発電所","火力（ガス）","姉崎新２号","646900","","","2023/04/01","9999/12/31","2025/04/09 15:19",
"東京","株式会社JERA","328XX","横須賀火力発電所","火力（石炭）","横須賀１号","650000","","","2023/06/30","9999/12/31","2025/04/09 15:17",
"東京","株式会社JERA","328XY","横須賀火力発電所","火力（石炭）","横須賀２号","650000","","","2023/12/22","9999/12/31","2025/04/09 15:18",
"東京","株式会社JERA","328Z0","姉崎火力発電所","火力（ガス）","姉崎新１号","646900","","","2023/02/01","9999/12/31","2025/04/09 15:19",
"東京","株式会社JERA","330UQ","五井火力発電所","火力（ガス）","五井１号","780000","","","2024/08/01","9999/12/31","2025/04/09 15:21",
"東京","株式会社JERA","331D8","五井火力発電所","火力（ガス）","五井２号","780000","","","2024/11/14","9999/12/31","2025/04/09 15:22",
"東京","株式会社JERA","331RJ","五井火力発電所","火力（ガス）","五井３号","780000","","","2025/03/01","9999/12/31","2025/04/09 15:22",
"東京","株式会社JERA","34001","千葉火力発電所","火力（ガス）","千葉１－１号","360000","","","1900/01/01","9999/12/31","2025/04/09 15:22",
"東京","株式会社JERA","34002","千葉火力発電所","火力（ガス）","千葉１－２号","360000","","","1900/01/01","9999/12/31","2025/04/09 15:22",
"東京","株式会社JERA","34003","千葉火力発電所","火力（ガス）","千葉１－３号","360000","","","1900/01/01","9999/12/31","2025/04/09 15:23",
"東京","株式会社JERA","34004","千葉火力発電所","火力（ガス）","千葉１－４号","360000","","","1900/01/01","9999/12/31","2025/04/09 15:23",
"東京","株式会社JERA","34005","千葉火力発電所","火力（ガス）","千葉２－１号","360000","","","1900/01/01","9999/12/31","2025/04/09 15:24",
"東京","株式会社JERA","34006","千葉火力発電所","火力（ガス）","千葉２－２号","360000","","","1900/01/01","9999/12/31","2025/04/09 15:24",
"東京","株式会社JERA","34007","千葉火力発電所","火力（ガス）","千葉２－３号","360000","","","1900/01/01","9999/12/31","2025/04/09 15:25",
"東京","株式会社JERA","34008","千葉火力発電所","火力（ガス）","千葉２－４号","360000","","","1900/01/01","9999/12/31","2025/04/09 15:25",
"東京","株式会社JERA","34009","千葉火力発電所","火力（ガス）","千葉３－１号","500000","","","1900/01/01","9999/12/31","2025/04/09 15:26",
"東京","株式会社JERA","34010","千葉火力発電所","火力（ガス）","千葉３－２号","500000","","","1900/01/01","9999/12/31","2025/04/09 15:26",
"東京","株式会社JERA","34011","千葉火力発電所","火力（ガス）","千葉３－３号","500000","","","1900/01/01","9999/12/31","2025/04/09 15:27",
"東京","株式会社JERA","34025","袖ケ浦火力発電所","火力（ガス）","袖ケ浦２号","1000000","","","1900/01/01","9999/12/31","2025/04/09 15:05",
"東京","株式会社JERA","34026","袖ケ浦火力発電所","火力（ガス）","袖ケ浦３号","1000000","","","1900/01/01","9999/12/31","2025/04/09 15:05",
"東京","株式会社JERA","34027","袖ケ浦火力発電所","火力（ガス）","袖ケ浦４号","1000000","","","1900/01/01","9999/12/31","2025/04/09 15:06",
"東京","株式会社JERA","34028","富津火力発電所","火力（ガス）","富津１－１号","167000","","","1900/01/01","9999/12/31","2025/04/09 15:07",
"東京","株式会社JERA","34029","富津火力発電所","火力（ガス）","富津１－２号","167000","","","1900/01/01","9999/12/31","2025/04/09 15:08",
"東京","株式会社JERA","34030","富津火力発電所","火力（ガス）","富津１－３号","167000","","","1900/01/01","9999/12/31","2025/04/09 15:08",
"東京","株式会社JERA","34031","富津火力発電所","火力（ガス）","富津１－４号","167000","","","1900/01/01","9999/12/31","2025/04/09 15:09",
"東京","株式会社JERA","34032","富津火力発電所","火力（ガス）","富津１－５号","167000","","","1900/01/01","9999/12/31","2025/04/09 15:10",
"東京","株式会社JERA","34033","富津火力発電所","火力（ガス）","富津１－６号","167000","","","1900/01/01","9999/12/31","2025/04/09 15:10",
"東京","株式会社JERA","34034","富津火力発電所","火力（ガス）","富津１－７号","165000","","","1900/01/01","9999/12/31","2025/04/09 15:11",
"東京","株式会社JERA","34035","富津火力発電所","火力（ガス）","富津２－１号","162000","","","1900/01/01","9999/12/31","2025/04/09 15:12",
"東京","株式会社JERA","34036","富津火力発電所","火力（ガス）","富津２－２号","162000","","","1900/01/01","9999/12/31","2025/04/09 15:12",
"東京","株式会社JERA","34037","富津火力発電所","火力（ガス）","富津２－３号","162000","","","1900/01/01","9999/12/31","2025/04/09 15:13",
"東京","株式会社JERA","34038","富津火力発電所","火力（ガス）","富津２－４号","162000","","","1900/01/01","9999/12/31","2025/04/09 15:14",
"東京","株式会社JERA","34039","富津火力発電所","火力（ガス）","富津２－５号","162000","","","1900/01/01","9999/12/31","2025/04/09 15:14",
"東京","株式会社JERA","34040","富津火力発電所","火力（ガス）","富津２－６号","162000","","","1900/01/01","9999/12/31","2025/04/09 15:15",
"東京","株式会社JERA","34041","富津火力発電所","火力（ガス）","富津２－７号","162000","","","1900/01/01","9999/12/31","2025/04/09 15:16",
"東京","株式会社JERA","34042","富津火力発電所","火力（ガス）","富津３－１号","380000","","","1900/01/01","9999/12/31","2025/04/09 15:16",
"東京","株式会社JERA","34043","富津火力発電所","火力（ガス）","富津３－２号","380000","","","1900/01/01","9999/12/31","2025/04/09 15:17",
"東京","株式会社JERA","34044","富津火力発電所","火力（ガス）","富津３－３号","380000","","","1900/01/01","9999/12/31","2025/04/09 15:18",
"東京","株式会社JERA","34045","富津火力発電所","火力（ガス）","富津３－４号","380000","","","1900/01/01","9999/12/31","2025/04/09 15:18",
"東京","株式会社JERA","34046","富津火力発電所","火力（ガス）","富津４－１号","507000","","","1900/01/01","9999/12/31","2025/04/09 15:19",
"東京","株式会社JERA","34047","富津火力発電所","火力（ガス）","富津４－２号","507000","","","1900/01/01","9999/12/31","2025/04/09 15:20",
"東京","株式会社JERA","34048","富津火力発電所","火力（ガス）","富津４－３号","507000","","","1900/01/01","9999/12/31","2025/04/09 15:20",
"東京","株式会社JERA","34049","川崎火力発電所","火力（ガス）","川崎１－１号","500000","","","1900/01/01","9999/12/31","2025/04/09 15:06",
"東京","株式会社JERA","34050","川崎火力発電所","火力（ガス）","川崎１－２号","500000","","","1900/01/01","9999/12/31","2025/04/09 15:07",
"東京","株式会社JERA","34051","川崎火力発電所","火力（ガス）","川崎１－３号","500000","","","1900/01/01","9999/12/31","2025/04/09 15:07",
"東京","株式会社JERA","34052","川崎火力発電所","火力（ガス）","川崎２－１号","500000","","","1900/01/01","9999/12/31","2025/04/09 15:08",
"東京","株式会社JERA","34053","川崎火力発電所","火力（ガス）","川崎２－２号","710000","","","1900/01/01","9999/12/31","2025/04/09 15:09",
"東京","株式会社JERA","34054","川崎火力発電所","火力（ガス）","川崎２－３号","710000","","","1900/01/01","9999/12/31","2025/04/09 15:08",
"東京","株式会社JERA","34057","横浜火力発電所","火力（ガス）","横浜７－１号","377000","","","1900/01/01","9999/12/31","2025/04/09 15:10",
"東京","株式会社JERA","34058","横浜火力発電所","火力（ガス）","横浜７－２号","377000","","","1900/01/01","9999/12/31","2025/04/09 15:10",
"東京","株式会社JERA","34059","横浜火力発電所","火力（ガス）","横浜７－３号","377000","","","1900/01/01","9999/12/31","2025/04/09 15:10",
"東京","株式会社JERA","34060","横浜火力発電所","火力（ガス）","横浜７－４号","377000","","","1900/01/01","9999/12/31","2025/04/09 15:12",
"東京","株式会社JERA","34061","横浜火力発電所","火力（ガス）","横浜８－１号","377000","","","1900/01/01","9999/12/31","2025/04/09 15:11",
"東京","株式会社JERA","34062","横浜火力発電所","火力（ガス）","横浜８－２号","377000","","","1900/01/01","9999/12/31","2025/04/09 15:12",
"東京","株式会社JERA","34063","横浜火力発電所","火力（ガス）","横浜８－３号","377000","","","1900/01/01","9999/12/31","2025/04/09 15:12",
"東京","株式会社JERA","34064","横浜火力発電所","火力（ガス）","横浜８－４号","377000","","","1900/01/01","9999/12/31","2025/04/09 15:13",
"東京","株式会社JERA","34065","南横浜火力発電所","火力（ガス）","南横浜１号","350000","","","1900/01/01","9999/12/31","2025/04/09 15:00",
"東京","株式会社JERA","34066","南横浜火力発電所","火力（ガス）","南横浜２号","350000","","","1900/01/01","9999/12/31","2025/04/09 15:01",
"東京","株式会社JERA","34067","南横浜火力発電所","火力（ガス）","南横浜３号","450000","","","1900/01/01","9999/12/31","2025/04/09 15:02",
"東京","株式会社JERA","34068","東扇島火力発電所","火力（ガス）","東扇島１号","1000000","","","1900/01/01","9999/12/31","2025/04/09 15:03",
"東京","株式会社JERA","34069","東扇島火力発電所","火力（ガス）","東扇島２号","1000000","","","1900/01/01","9999/12/31","2025/04/09 15:03",
"東京","株式会社JERA","34076","鹿島火力発電所","火力（ガス）","鹿島７－１号","420000","","","1900/01/01","9999/12/31","2025/04/09 15:33",
"東京","株式会社JERA","34077","鹿島火力発電所","火力（ガス）","鹿島７－２号","420000","","","1900/01/01","9999/12/31","2025/04/09 15:34",
"東京","株式会社JERA","34078","鹿島火力発電所","火力（ガス）","鹿島７－３号","420000","","","1900/01/01","9999/12/31","2025/04/09 15:34",
"東京","株式会社JERA","34082","品川火力発電所","火力（ガス）","品川１－１号","380000","","","1900/01/01","9999/12/31","2025/04/09 15:01",
"東京","株式会社JERA","34083","品川火力発電所","火力（ガス）","品川１－２号","380000","","","1900/01/01","9999/12/31","2025/04/09 15:02",
"東京","株式会社JERA","34084","品川火力発電所","火力（ガス）","品川１－３号","380000","","","1900/01/01","9999/12/31","2025/04/09 15:02",
"東京","株式会社JERA","34089","広野火力発電所","火力（石炭）","広野５号","600000","","","1900/01/01","9999/12/31","2025/04/09 15:14",
"東京","株式会社JERA","34090","広野火力発電所","火力（石炭）","広野６号","600000","","","1900/01/01","9999/12/31","2025/04/09 15:14",
"東京","株式会社JERA","34091","常陸那珂火力発電所","火力（石炭）","常陸那珂１号","1000000","","","1900/01/01","9999/12/31","2025/04/09 15:15",
"東京","株式会社JERA","34092","常陸那珂火力発電所","火力（石炭）","常陸那珂２号","1000000","","","1900/01/01","9999/12/31","2025/04/09 15:16",
"東京","ENEOS株式会社","4009330482","鹿島発電所","その他","単独","125000","","","1900/01/01","9999/12/31","2020/06/26 13:45",
"東京","ENEOS株式会社","4009331905","根岸 ガス化複合発電所","火力（石油）","単独","431450","","","1900/01/01","2026/10/01","2025/09/04 16:51",
"中国","ENEOS株式会社","4009774203","麻里布 第２発電所","その他","Ｇ６","149000","","","1900/01/01","9999/12/31","2020/06/26 13:45",
"中国","ENEOS株式会社","400977C645","水島製油所　B工場","その他","G8","112400","","","1900/01/01","9999/12/31","2023/09/19 13:37",
"九州","ENEOS株式会社","40099930AA","大分 第２発電所","その他","単独","149400","","","1900/01/01","9999/12/31","2020/06/26 13:44",
"中部","出光興産株式会社","4019445121","出光愛知第3発電所","火力（石油）","単独","225570","","","1900/01/01","9999/12/31","2016/04/13 13:34",
"中部","中部電力(株)","41001","浜岡原子力発電所","原子力","３号機","1100000","","","1900/01/01","9999/12/31","2018/02/07 08:59",
"中部","中部電力(株)","41002","奥美濃発電所","水力","１号機","250000","","","1900/01/01","9999/12/31","2018/02/07 09:08",
"中部","中部電力(株)","41002","奥美濃発電所","水力","２号機","250000","","","1900/01/01","9999/12/31","2018/02/07 09:09",
"中部","中部電力(株)","41002","奥美濃発電所","水力","３号機","250000","","","1900/01/01","9999/12/31","2018/02/07 08:59",
"中部","中部電力(株)","41002","奥美濃発電所","水力","４号機","250000","","","1900/01/01","9999/12/31","2018/02/07 08:59",
"中部","中部電力(株)","41003","奥美濃発電所","水力","５号機","250000","","","1900/01/01","9999/12/31","2018/02/07 08:58",
"中部","中部電力(株)","41003","奥美濃発電所","水力","６号機","250000","","","1900/01/01","9999/12/31","2018/02/07 08:58",
"中部","中部電力(株)","41006","浜岡原子力発電所","原子力","４号機","1137000","","","1900/01/01","9999/12/31","2018/02/07 09:01",
"中部","中部電力(株)","41007","浜岡原子力発電所","原子力","５号機","1380000","","","1900/01/01","9999/12/31","2018/02/07 09:01",
"中部","株式会社JERA","42001","川越火力発電所","火力（ガス）","川越１号","700000","","","1900/01/01","9999/12/31","2025/04/09 15:00",
"中部","コスモ石油株式会社","42136","四日市霞発電所","その他","単独","230000","","","2003/07/01","9999/12/31","2018/08/21 18:12",
"中部","株式会社JERA","42290","川越火力発電所","火力（ガス）","川越２号","700000","","","1900/01/01","9999/12/31","2025/04/09 15:01",
"中部","株式会社JERA","42291","川越火力発電所","火力（ガス）","川越３－１号","243000","","","1900/01/01","9999/12/31","2025/04/09 15:01",
"中部","株式会社JERA","42292","川越火力発電所","火力（ガス）","川越３－２号","243000","","","1900/01/01","9999/12/31","2025/04/09 15:02",
"中部","株式会社JERA","42293","川越火力発電所","火力（ガス）","川越３－３号","243000","","","1900/01/01","9999/12/31","2025/04/09 15:02",
"中部","株式会社JERA","42294","川越火力発電所","火力（ガス）","川越３－４号","243000","","","1900/01/01","9999/12/31","2025/04/09 15:03",
"中部","株式会社JERA","42295","川越火力発電所","火力（ガス）","川越３－５号","243000","","","1900/01/01","9999/12/31","2025/04/09 15:03",
"中部","株式会社JERA","42296","川越火力発電所","火力（ガス）","川越３－６号","243000","","","1900/01/01","9999/12/31","2025/04/09 15:04",
"中部","株式会社JERA","42297","川越火力発電所","火力（ガス）","川越３－７号","243000","","","1900/01/01","9999/12/31","2025/04/09 15:04",
"中部","株式会社JERA","42298","川越火力発電所","火力（ガス）","川越４－１号","243000","","","1900/01/01","9999/12/31","2025/04/09 15:05",
"中部","株式会社JERA","42299","川越火力発電所","火力（ガス）","川越４－２号","243000","","","1900/01/01","9999/12/31","2025/04/09 15:05",
"中部","株式会社JERA","42300","川越火力発電所","火力（ガス）","川越４－３号","243000","","","1900/01/01","9999/12/31","2025/04/09 15:06",
"中部","株式会社JERA","42301","川越火力発電所","火力（ガス）","川越４－４号","243000","","","1900/01/01","9999/12/31","2025/04/09 15:06",
"中部","株式会社JERA","42302","川越火力発電所","火力（ガス）","川越４－５号","243000","","","1900/01/01","9999/12/31","2025/04/09 15:07",
"中部","株式会社JERA","42303","川越火力発電所","火力（ガス）","川越４－６号","243000","","","1900/01/01","9999/12/31","2025/04/09 15:07",
"中部","株式会社JERA","42304","川越火力発電所","火力（ガス）","川越４－７号","243000","","","1900/01/01","9999/12/31","2025/04/09 15:08",
"中部","中部電力(株)","42332","徳山発電所","水力","１号機","139000","","","1900/01/01","9999/12/31","2018/02/07 08:57",
"中部","株式会社JERA","42389","西名古屋火力発電所","火力（ガス）","西名古屋７－１号","1188200","","","1900/01/01","9999/12/31","2025/04/09 15:15",
"中部","株式会社JERA","42393","西名古屋火力発電所","火力（ガス）","西名古屋７－２号","1188200","","","2018/03/30","9999/12/31","2025/04/09 15:16",
"中部","株式会社JERA","42397","四日市火力発電所","火力（ガス）","四日市４－１号","117000","","","1900/01/01","9999/12/31","2026/04/13 13:39",
"中部","株式会社JERA","42398","四日市火力発電所","火力（ガス）","四日市４－２号","117000","","","1900/01/01","9999/12/31","2025/04/09 15:13",
"中部","株式会社JERA","42399","四日市火力発電所","火力（ガス）","四日市４－３号","117000","","","1900/01/01","9999/12/31","2025/04/09 15:13",
"中部","株式会社JERA","42400","四日市火力発電所","火力（ガス）","四日市４－４号","117000","","","1900/01/01","9999/12/31","2025/04/09 15:14",
"中部","株式会社JERA","42401","四日市火力発電所","火力（ガス）","四日市４－５号","117000","","","1900/01/01","9999/12/31","2025/04/09 15:14",
"中部","中部電力(株)","43002","馬瀬川第一発電所","水力","１号機","144000","","","1900/01/01","9999/12/31","2018/02/07 08:58",
"中部","中部電力(株)","43002","馬瀬川第一発電所","水力","２号機","144000","","","1900/01/01","9999/12/31","2018/02/07 08:57",
"中部","株式会社JERA","44145","知多火力発電所","火力（ガス）","知多６号","854000","","","1900/01/01","9999/12/31","2025/04/09 15:15",
"中部","株式会社JERA","44147","知多第二火力発電所","火力（ガス）","知多第二１号","854000","","","1900/01/01","9999/12/31","2025/04/09 15:17",
"中部","株式会社JERA","44149","知多第二火力発電所","火力（ガス）","知多第二２号","854000","","","1900/01/01","9999/12/31","2025/04/09 15:17",
"中部","株式会社JERA","45001","新名古屋火力発電所","火力（ガス）","新名古屋７－１号","243000","","","1900/01/01","9999/12/31","2025/04/09 15:07",
"中部","中部電力(株)","45002","奥矢作第一発電所","水力","１号機","108000","","","1900/01/01","9999/12/31","2018/02/07 09:11",
"中部","中部電力(株)","45002","奥矢作第一発電所","水力","２号機","108000","","","1900/01/01","9999/12/31","2018/02/07 09:11",
"中部","中部電力(株)","45002","奥矢作第一発電所","水力","３号機","107000","","","1900/01/01","9999/12/31","2018/02/07 09:10",
"中部","中部電力(株)","45002","奥矢作第二発電所","水力","１号機","260000","","","1900/01/01","9999/12/31","2018/02/07 09:09",
"中部","中部電力(株)","45002","奥矢作第二発電所","水力","２号機","260000","","","1900/01/01","9999/12/31","2018/02/07 09:09",
"中部","中部電力(株)","45002","奥矢作第二発電所","水力","３号機","260000","","","1900/01/01","9999/12/31","2018/02/07 09:09",
"中部","株式会社JERA","45135","新名古屋火力発電所","火力（ガス）","新名古屋７－２号","243000","","","1900/01/01","9999/12/31","2025/04/09 15:08",
"中部","株式会社JERA","45136","新名古屋火力発電所","火力（ガス）","新名古屋７－３号","243000","","","1900/01/01","9999/12/31","2025/04/09 15:08",
"中部","株式会社JERA","45137","新名古屋火力発電所","火力（ガス）","新名古屋７－４号","243000","","","1900/01/01","9999/12/31","2025/04/09 15:08",
"中部","株式会社JERA","45138","新名古屋火力発電所","火力（ガス）","新名古屋７－５号","243000","","","1900/01/01","9999/12/31","2025/04/09 15:09",
"中部","株式会社JERA","45139","新名古屋火力発電所","火力（ガス）","新名古屋７－６号","243000","","","1900/01/01","9999/12/31","2025/04/09 15:09",
"中部","株式会社JERA","45140","新名古屋火力発電所","火力（ガス）","新名古屋８－１号","400000","","","1900/01/01","9999/12/31","2025/04/09 15:10",
"中部","株式会社JERA","45141","新名古屋火力発電所","火力（ガス）","新名古屋８－２号","400000","","","1900/01/01","9999/12/31","2025/04/09 15:11",
"中部","株式会社JERA","45142","新名古屋火力発電所","火力（ガス）","新名古屋８－３号","400000","","","1900/01/01","9999/12/31","2025/04/09 15:11",
"中部","株式会社JERA","45143","新名古屋火力発電所","火力（ガス）","新名古屋８－４号","400000","","","1900/01/01","9999/12/31","2025/04/09 15:11",
"中部","中山名古屋共同発電株式会社","46107","名古屋発電所","火力（石炭）","1号機","149000","","","1900/01/01","9999/12/31","2017/08/23 18:27",
"中部","中山名古屋共同発電株式会社","46114","名古屋第二発電所","火力（石炭）","1号機","110000","","","1900/01/01","9999/12/31","2017/08/23 18:24",
"中部","株式会社JERA","46210","武豊火力発電所","火力（石炭）","武豊５号","1070000","","","2022/08/05","9999/12/31","2025/04/09 15:15",
"中部","株式会社JERA","47001","碧南火力発電所","火力（石炭）","碧南１号","700000","","","1900/01/01","9999/12/31","2025/04/09 15:08",
"中部","株式会社JERA","47192","碧南火力発電所","火力（石炭）","碧南２号","700000","","","1900/01/01","9999/12/31","2025/04/09 15:09",
"中部","株式会社JERA","47193","碧南火力発電所","火力（石炭）","碧南３号","700000","","","1900/01/01","9999/12/31","2025/04/09 15:09",
"中部","株式会社JERA","47194","碧南火力発電所","火力（石炭）","碧南４号","1000000","","","1900/01/01","9999/12/31","2025/04/09 15:10",
"中部","株式会社JERA","47195","碧南火力発電所","火力（石炭）","碧南５号","1000000","","","1900/01/01","9999/12/31","2025/04/09 15:10",
"中部","電源開発","48001","電源開発新豊根発電所（中部）","水力","1号機","225000","","","1900/01/01","9999/12/31","2016/04/12 10:40",
"中部","電源開発","48001","電源開発新豊根発電所（中部）","水力","2号機","225000","","","1900/01/01","9999/12/31","2016/04/12 10:41",
"中部","電源開発","48001","電源開発新豊根発電所（中部）","水力","3号機","225000","","","1900/01/01","9999/12/31","2016/04/12 10:42",
"中部","電源開発","48001","電源開発新豊根発電所（中部）","水力","4号機","225000","","","1900/01/01","9999/12/31","2016/04/12 10:43",
"中部","電源開発","48001","電源開発新豊根発電所（中部）","水力","5号機","225000","","","1900/01/01","9999/12/31","2016/04/12 10:44",
"東北","株式会社JERA","4B209","上越火力発電所","火力（ガス）","上越１－１号","595000","","","1900/01/01","9999/12/31","2025/04/09 15:12",
"東北","株式会社JERA","4B212","上越火力発電所","火力（ガス）","上越１－２号","595000","","","1900/01/01","9999/12/31","2025/04/09 15:13",
"東北","株式会社JERA","4B215","上越火力発電所","火力（ガス）","上越２－１号","595000","","","1900/01/01","9999/12/31","2025/04/09 15:13",
"東北","株式会社JERA","4B218","上越火力発電所","火力（ガス）","上越２－２号","595000","","","1900/01/01","9999/12/31","2025/04/09 15:14",
"東京","東亜石油株式会社","5004332011","東亜石油株式会社水江発電所","火力（石油）","第1号発電設備","194890","","","1900/01/01","9999/12/31","2019/01/25 14:04",
"東京","カナデビア株式会社","5012330317","カナデビア株式会社茨城工場第一発電所","火力（ガス）","3号機","112300","","","1900/01/01","9999/12/31","2024/12/05 08:49",
"東京","カナデビア株式会社","5012330391","カナデビア株式会社茨城工場第一発電所","火力（ガス）","2号機","113580","","","1900/01/01","9999/12/31","2024/12/05 08:48",
"東京","株式会社エフビット横須賀パワー","5013331811","株式会社エフビット横須賀パワー　横須賀パワーステーション","火力（ガス）","単独","239700","","","1900/01/01","9999/12/31","2021/12/01 14:55",
"東京","鈴川エネルギーセンター","5089","鈴川エネルギーセンター発電所","火力（石炭）","単独","112000","","","1900/01/01","9999/12/31","2022/10/19 12:20",
"関西","株式会社コベルコパワー神戸","5115664F60","神戸発電所","火力（石炭）","１号機","700000","","","1900/01/01","9999/12/31","2016/04/18 11:40",
"関西","株式会社コベルコパワー神戸","5115664F60","神戸発電所","火力（石炭）","２号機","700000","","","1900/01/01","9999/12/31","2016/04/18 11:41",
"北陸","電源開発","51271","電源開発長野発電所（北陸）","水力","1号機","110000","","","1900/01/01","9999/12/31","2016/04/12 10:48",
"北陸","電源開発","51271","電源開発長野発電所（北陸）","水力","2号機","110000","","","1900/01/01","9999/12/31","2016/04/12 10:49",
"北陸","北陸電力株式会社","51302","北陸電力 福井火力発電所","火力（石油）","三国1号機","250000","","","1900/01/01","2028/03/31","2026/03/24 15:51",
"北陸","北陸電力株式会社","51502","北陸電力 敦賀火力発電所","火力（石炭）","1号機","500000","","","1900/01/01","9999/12/31","2016/04/13 09:48",
"北陸","北陸電力株式会社","51503","北陸電力 敦賀火力発電所","火力（石炭）","2号機","700000","","","1900/01/01","9999/12/31","2016/04/13 09:50",
"東北","糸魚川発電株式会社","51842","糸魚川発電所","火力（石炭）","単独","149000","","","1900/01/01","9999/12/31","2016/04/22 09:19",
"北陸","電源開発","52271","電源開発手取川第一","水力","1号機","125000","","","1900/01/01","9999/12/31","2016/04/12 10:51",
"北陸","電源開発","52271","電源開発手取川第一","水力","2号機","125000","","","1900/01/01","9999/12/31","2016/04/12 10:51",
"北陸","北陸電力株式会社","52306","北陸電力 有峰第一発電所","水力","単独","265000","","","1900/01/01","9999/12/31","2016/04/13 10:04",
"北陸","北陸電力株式会社","52307","北陸電力 有峰第二発電所","水力","単独","123000","","","1900/01/01","9999/12/31","2019/04/18 13:22",
"北陸","北陸電力株式会社","52312","北陸電力 富山火力発電所","火力（石油）","4号機","250000","","","1900/01/01","9999/12/31","2016/04/13 09:52",
"北陸","北陸電力株式会社","52313","北陸電力 富山新港火力発電所","火力（石油）","1号機","240000","","","1900/01/01","9999/12/31","2019/06/10 09:18",
"北陸","北陸電力株式会社","52314","北陸電力 富山新港火力発電所","火力（ガス）","2号機","500000","","","1900/01/01","9999/12/31","2023/12/15 17:09",
"北陸","北陸電力株式会社","52315","北陸電力 富山新港火力発電所","火力（石炭）","石炭1号機","250000","","","1900/01/01","9999/12/31","2016/04/13 09:58",
"北陸","北陸電力株式会社","52316","北陸電力 富山新港火力発電所","火力（石炭）","石炭2号機","250000","","","1900/01/01","9999/12/31","2016/04/13 09:59",
"北陸","北陸電力株式会社","52361","北陸電力 富山新港火力発電所","火力（ガス）","LNG1号機","424700","","","2018/11/21","9999/12/31","2018/11/21 15:13",
"東北","酒田共同火力発電株式会社","528522M101","酒田共同火力発電所","火力（石炭）","１号機","350000","","","1900/01/01","9999/12/31","2016/04/19 10:39",
"東北","酒田共同火力発電株式会社","528522M101","酒田共同火力発電所","火力（石炭）","２号機","350000","","","1900/01/01","9999/12/31","2016/04/19 10:50",
"北陸","北陸電力株式会社","53102","北陸電力 志賀原子力発電所","原子力","2号機","1206000","","","1900/01/01","9999/12/31","2016/04/13 10:10",
"北陸","北陸電力株式会社","53202","北陸電力 七尾大田火力発電所","火力（石炭）","1号機","500000","","","1900/01/01","9999/12/31","2016/04/13 10:00",
"北陸","北陸電力株式会社","53203","北陸電力 七尾大田火力発電所","火力（石炭）","2号機","700000","","","1900/01/01","9999/12/31","2016/04/13 10:01",
"北陸","北陸電力株式会社","53204","北陸電力 志賀原子力発電所","原子力","1号機","540000","","","1900/01/01","9999/12/31","2016/04/13 10:06",
"中国","海田バイオマスパワー株式会社","5814","海田発電所","","単独","112000","","","2020/11/21","9999/12/31","2020/11/20 18:53",
"東京","鹿島パワー株式会社","5AEF3327U3","鹿島火力発電所","火力（石炭）","2号機","645000","","","2020/07/01","9999/12/31","2020/06/23 16:39",
"中国","周南パワー株式会社","5AVT","トクヤマ東発電所第3号発電所","火力（石炭）","単独","300000","","","2022/09/01","9999/12/31","2022/09/12 14:35",
"中国","ＵＢＥ三菱セメント株式会社","5AWR771132","宇部発電所","火力（石炭）","6号","216000","","","2004/03/01","9999/12/31","2026/03/26 16:43",
"中部","田原バイオマスパワー合同会社","5BAA","田原バイオマス発電所","その他","単独","112000","","","2025/09/01","9999/12/31","2025/07/29 14:04",
"中国","ＵＢＥ株式会社","6038771106","宇部興産発電所","火力（石炭）","5号機","145000","","","1900/01/01","9999/12/31","2022/08/02 13:36",
"東京","鹿島共同火力株式会社","60413","鹿島共同発電所","火力（ガス）","３号機","350000","","","1900/01/01","9999/12/31","2016/04/26 17:22",
"東京","鹿島共同火力株式会社","60413","鹿島共同発電所","火力（ガス）","５号機","300000","","","1900/01/01","9999/12/31","2016/09/03 20:14",
"東京","君津共同火力株式会社","6065330508","君津共同火力株式会社君津共同発電所","火力（ガス）","3号機","350000","","","1900/01/01","9999/12/31","2016/04/27 10:02",
"東京","君津共同火力株式会社","6065330508","君津共同火力株式会社君津共同発電所","火力（ガス）","4号機","350000","","","1900/01/01","9999/12/31","2016/04/27 10:04",
"東京","君津共同火力株式会社","6065330508","君津共同火力株式会社君津共同発電所","火力（ガス）","5号機","300000","","","1900/01/01","9999/12/31","2016/04/27 10:06",
"東京","君津共同火力株式会社","6065330508","君津共同火力株式会社君津共同発電所","火力（ガス）","6号機","152900","","","1900/01/01","9999/12/31","2016/04/27 10:07",
"東北","常磐共同火力株式会社","606622S316","勿来発電所","火力（石炭）","勿来7号機","250000","","","1900/01/01","9999/12/31","2022/01/11 05:40",
"東北","常磐共同火力株式会社","606622S317","勿来発電所","火力（石炭）","勿来8号機（東北系）","600000","","","1900/01/01","9999/12/31","2016/04/14 10:58",
"東北","常磐共同火力株式会社","606622S318","勿来発電所","火力（石炭）","勿来9号機（東北系）","600000","","","1900/01/01","9999/12/31","2022/01/01 23:34",
"東京","常磐共同火力株式会社","6066332489","勿来発電所","火力（石炭）","勿来8号機（東京系）","600000","","","1900/01/01","9999/12/31","2016/04/14 11:00",
"東京","常磐共同火力株式会社","6066332492","勿来発電所","火力（石炭）","勿来9号機（東京系）","600000","","","1900/01/01","9999/12/31","2016/04/14 11:04",
"北陸","関西電力株式会社","60A06","音沢発電所","水力","単独","124000","","","1900/01/01","9999/12/31","2018/03/06 16:47",
"北陸","関西電力株式会社","60C10","下小鳥発電所","水力","単独","142000","","","1900/01/01","9999/12/31","2018/03/06 16:07",
"中部","電源開発","60C31","電源開発御母衣発電所","水力","1号機","107500","","","1900/01/01","9999/12/31","2016/04/12 10:46",
"中部","電源開発","60C31","電源開発御母衣発電所","水力","2号機","107500","","","1900/01/01","9999/12/31","2016/04/12 10:47",
"東京","川崎天然ガス発電","61203","川崎天然ガス発電所","火力（ガス）","川天1号機","413000","","","1900/01/01","9999/12/31","2016/04/14 18:26",
"東京","川崎天然ガス発電","61203","川崎天然ガス発電所","火力（ガス）","川天2号機","413000","","","1900/01/01","9999/12/31","2016/04/14 18:27",
"東京","株式会社扇島パワー","6149331758","扇島パワー","火力（ガス）","１","407100","","","1900/01/01","9999/12/31","2016/04/13 11:29",
"東京","株式会社扇島パワー","6149331758","扇島パワー","火力（ガス）","２","407100","","","1900/01/01","9999/12/31","2016/04/13 11:30",
"東京","株式会社扇島パワー","6149331758","扇島パワー","火力（ガス）","３","407100","","","1900/01/01","9999/12/31","2016/04/13 11:31",
"関西","Daigasガスアンドパワーソリューション株式会社","61L65","酉島エネルギーセンター発電所","火力（ガス）","第1号発電設備","140000","","","1900/01/01","9999/12/31","2024/01/10 18:30",
"関西","関西電力株式会社","62A41","堺港発電所","火力（ガス）","１号機","400000","","","1900/01/01","9999/12/31","2018/03/06 16:38",
"関西","関西電力株式会社","62A42","堺港発電所","火力（ガス）","２号機","400000","","","1900/01/01","9999/12/31","2018/03/06 16:38",
"関西","関西電力株式会社","62A43","堺港発電所","火力（ガス）","３号機","400000","","","1900/01/01","9999/12/31","2018/03/06 16:38",
"関西","関西電力株式会社","62A44","堺港発電所","火力（ガス）","４号機","400000","","","1900/01/01","9999/12/31","2018/03/06 16:37",
"関西","関西電力株式会社","62A45","堺港発電所","火力（ガス）","５号機","400000","","","1900/01/01","9999/12/31","2018/03/06 16:37",
"関西","中山共同発電株式会社","62A63","船町発電所","火力（ガス）","第１号発電設備","149000","","","1900/01/01","9999/12/31","2016/04/14 13:03",
"関西","和歌山共同火力株式会社","62B63","和歌山共同発電所","","新1号機","148000","","","1900/01/01","9999/12/31","2016/08/17 16:40",
"関西","和歌山共同火力株式会社","62B63","和歌山共同発電所","","3号機","156000","","","1900/01/01","9999/12/31","2016/08/17 16:44",
"関西","電源開発","62D30","電源開発池原発電所（関西）","水力","3号機","103000","","","1900/01/01","9999/12/31","2016/04/12 10:53",
"関西","電源開発","62D30","電源開発池原発電所（関西）","水力","4号機","103000","","","1900/01/01","9999/12/31","2016/04/12 10:54",
"関西","泉北天然ガス発電株式会社","62F60","泉北天然ガス第二発電所","火力（ガス）","１号機","277000","","","1900/01/01","9999/12/31","2016/04/18 10:13",
"関西","泉北天然ガス発電株式会社","62F60","泉北天然ガス第二発電所","火力（ガス）","２号機","277000","","","1900/01/01","9999/12/31","2016/04/18 10:13",
"関西","泉北天然ガス発電株式会社","62F61","泉北天然ガス第一発電所","火力（ガス）","３号機","277500","","","1900/01/01","9999/12/31","2016/04/18 10:14",
"関西","泉北天然ガス発電株式会社","62F61","泉北天然ガス第一発電所","火力（ガス）","４号機","277500","","","1900/01/01","9999/12/31","2016/04/18 10:14",
"関西","日本原子力発電株式会社","63A31","敦賀発電所2号機","原子力","単独","1160000","","","1987/02/17","9999/12/31","2022/12/16 16:49",
"関西","関西電力株式会社","63A53","美浜発電所","原子力","3号機","0","","","2024/05/02","9999/12/31","2024/05/02 12:59",
"関西","関西電力株式会社","63A53","美浜発電所","原子力","３号機","826000","","","1900/01/01","9999/12/31","2018/03/06 16:22",
"関西","関西電力株式会社","63B53","大飯発電所","原子力","３号機","1180000","","","1900/01/01","9999/12/31","2018/03/06 16:19",
"関西","関西電力株式会社","63B54","大飯発電所","原子力","４号機","1180000","","","1900/01/01","9999/12/31","2018/03/06 16:17",
"関西","関西電力株式会社","63C00","喜撰山発電所","水力","１号機","233000","","","1900/01/01","9999/12/31","2018/03/06 16:47",
"関西","関西電力株式会社","63C00","喜撰山発電所","水力","２号機","233000","","","1900/01/01","9999/12/31","2018/03/06 16:47",
"関西","関西電力株式会社","63D03","大河内発電所","水力","１号機","320000","","","1900/01/01","9999/12/31","2018/03/06 16:41",
"関西","関西電力株式会社","63D03","大河内発電所","水力","２号機","320000","","","1900/01/01","9999/12/31","2018/03/06 16:41",
"関西","関西電力株式会社","63D03","大河内発電所","水力","３号機","320000","","","1900/01/01","9999/12/31","2018/03/06 16:40",
"関西","関西電力株式会社","63D03","大河内発電所","水力","４号機","320000","","","1900/01/01","9999/12/31","2018/03/06 16:40",
"関西","関西電力株式会社","63D41","舞鶴発電所","火力（石炭）","１号機","900000","","","1900/01/01","9999/12/31","2018/03/06 16:40",
"関西","関西電力株式会社","63D42","舞鶴発電所","火力（石炭）","２号機","900000","","","1900/01/01","9999/12/31","2018/03/06 16:39",
"関西","関西電力株式会社","63D51","高浜発電所","原子力","１号機","826000","","","1900/01/01","9999/12/31","2018/03/06 16:21",
"関西","関西電力株式会社","63D52","高浜発電所","原子力","２号機","826000","","","1900/01/01","9999/12/31","2018/03/06 16:21",
"関西","関西電力株式会社","63D53","高浜発電所","原子力","３号機","870000","","","1900/01/01","9999/12/31","2018/03/06 16:21",
"関西","関西電力株式会社","63D54","高浜発電所","原子力","４号機","870000","","","1900/01/01","9999/12/31","2018/03/06 16:20",
"関西","株式会社コベルコパワー神戸第二","64339","神戸発電所","火力（石炭）","3号機","650000","","","2021/12/27","9999/12/31","2021/12/28 09:13",
"関西","株式会社コベルコパワー神戸第二","64339","神戸発電所","火力（石炭）","4号機","650000","","","2022/12/26","9999/12/31","2022/12/25 14:52",
"東京","株式会社新中袖発電所","6467","新中袖発電所","火力（ガス）","単独","112400","","","2014/09/01","9999/12/31","2018/10/29 14:02",
"北海道","日本製鉄株式会社","65731","日本製鉄㈱ 室蘭中央発電所 第5号発電設備","","室蘭中央5号","100000","","","1900/01/01","9999/12/31","2021/03/26 10:55",
"東北","日本製鉄株式会社","65732","日本製鉄㈱ 釜石火力発電所","火力（石炭）","釜石火力発電所","136000","","","1900/01/01","9999/12/31","2025/02/28 14:25",
"東京","日本製鉄株式会社","65733","日本製鉄㈱ 鹿島発電所","","ＮＳ鹿島","475000","","","1900/01/01","9999/12/31","2024/09/18 08:39",
"関西","日本製鉄株式会社","65736","日本製鉄㈱ 広畑発電所 第7号発電設備","","広畑7号","133000","","","1900/01/01","9999/12/31","2021/03/26 10:57",
"九州","日本製鉄株式会社","65739","日本製鉄㈱ 大分製鐵発電所 第9号発電設備","火力（石炭）","大分製鐵9号","330000","","","1900/01/01","9999/12/31","2025/03/19 10:47",
"九州","九州共同発電株式会社","65749","戸畑共同発電所","火力（石炭）","2号機","156000","","","1900/01/01","9999/12/31","2024/10/01 14:19",
"九州","九州共同発電株式会社","65749","戸畑共同発電所","火力（ガス）","3号機","250000","","","1900/01/01","9999/12/31","2024/10/01 14:19",
"九州","九州共同発電株式会社","65749","戸畑共同発電所","火力（ガス）","4号機","375000","","","1900/01/01","9999/12/31","2024/10/01 14:18",
"九州","九州共同発電株式会社","65749","戸畑共同発電所","火力（石炭）","5号機","110000","","","1900/01/01","9999/12/31","2024/10/01 14:18",
"九州","九州共同発電株式会社","65749","戸畑共同発電所","火力（石炭）","6号機","149000","","","1900/01/01","9999/12/31","2024/10/01 14:17",
"関西","関西電力株式会社","65C00","奥吉野発電所","水力","１号機","201000","","","1900/01/01","9999/12/31","2018/03/06 16:44",
"関西","関西電力株式会社","65C00","奥吉野発電所","水力","２号機","201000","","","1900/01/01","9999/12/31","2018/03/06 16:43",
"関西","関西電力株式会社","65C00","奥吉野発電所","水力","３号機","201000","","","1900/01/01","9999/12/31","2018/03/06 16:43",
"関西","関西電力株式会社","65C00","奥吉野発電所","水力","４号機","201000","","","1900/01/01","9999/12/31","2018/03/06 16:43",
"関西","関西電力株式会社","65C00","奥吉野発電所","水力","５号機","201000","","","1900/01/01","9999/12/31","2018/03/06 16:41",
"関西","関西電力株式会社","65C00","奥吉野発電所","水力","６号機","201000","","","1900/01/01","9999/12/31","2018/03/06 16:17",
"関西","関西電力株式会社","67C43","御坊発電所","火力（石油）","３号機","600000","","","1900/01/01","9999/12/31","2018/03/06 16:22",
"関西","相生バイオエナジー株式会社","6837V","相生バイオマス発電所","その他","単独","200000","","","2023/03/24","9999/12/31","2023/03/08 11:01",
"関西","姫路天然ガス発電株式会社","6853J","姫路天然ガス発電所","火力（ガス）","1号機","622600","","","2025/08/29","9999/12/31","2025/07/01 13:58",
"関西","姫路天然ガス発電株式会社","6853J","姫路天然ガス発電所","火力（ガス）","2号機","622600","","","2025/12/23","9999/12/31","2025/10/27 11:47",
"関西","住友大阪セメント㈱","68A68","住友大阪セメント赤穂","火力（石炭）","5号機","102500","","","1900/01/01","9999/12/31","2016/05/17 10:33",
"関西","関西電力株式会社","68C41","姫路第二発電所","火力（ガス）","１号機","486500","","","1900/01/01","9999/12/31","2018/03/06 16:15",
"関西","関西電力株式会社","68C42","姫路第二発電所","火力（ガス）","２号機","486500","","","1900/01/01","9999/12/31","2018/03/06 16:14",
"関西","関西電力株式会社","68C43","姫路第二発電所","火力（ガス）","３号機","486500","","","1900/01/01","9999/12/31","2018/05/23 17:41",
"関西","関西電力株式会社","68C44","姫路第二発電所","火力（ガス）","４号機","486500","","","1900/01/01","9999/12/31","2018/08/16 16:11",
"関西","関西電力株式会社","68C45","姫路第二発電所","火力（ガス）","５号機","486500","","","1900/01/01","9999/12/31","2018/11/14 13:32",
"関西","関西電力株式会社","68C46","姫路第二発電所","火力（ガス）","６号機","486500","","","1900/01/01","9999/12/31","2018/03/06 16:16",
"関西","電源開発","68D30","電源開発高砂火力発電所","火力（石炭）","1号機","250000","","","1900/01/01","9999/12/31","2016/04/12 11:06",
"関西","電源開発","68D30","電源開発高砂火力発電所","火力（石炭）","2号機","250000","","","1900/01/01","9999/12/31","2016/04/12 11:07",
"関西","三菱重工業株式会社","68D62","三菱高砂製作所　実証設備複合サイクル発電所（第２号発電設備）","火力（ガス）","単独","566000","","","2020/07/01","9999/12/31","2021/10/01 09:59",
"関西","関西電力株式会社","68E00","奥多々良木発電所","水力","１号機","303000","","","1900/01/01","9999/12/31","2018/03/06 16:48",
"関西","関西電力株式会社","68E00","奥多々良木発電所","水力","２号機","303000","","","1900/01/01","9999/12/31","2018/03/06 16:48",
"関西","関西電力株式会社","68E00","奥多々良木発電所","水力","３号機","303000","","","1900/01/01","9999/12/31","2018/03/06 16:48",
"関西","関西電力株式会社","68E00","奥多々良木発電所","水力","４号機","303000","","","1900/01/01","9999/12/31","2018/03/06 16:46",
"関西","関西電力株式会社","68E00","奥多々良木発電所","水力","５号機","360000","","","1900/01/01","9999/12/31","2018/03/06 16:45",
"関西","関西電力株式会社","68E00","奥多々良木発電所","水力","６号機","360000","","","1900/01/01","9999/12/31","2018/03/06 16:45",
"関西","関西電力株式会社","68J45","姫路第一発電所","火力（ガス）","５号機","729000","","","1900/01/01","9999/12/31","2018/03/06 16:36",
"関西","関西電力株式会社","68J46","姫路第一発電所","火力（ガス）","６号機","713000","","","1900/01/01","9999/12/31","2018/03/06 16:36",
"中部","関西電力株式会社","69A00","木曽発電所","水力","単独","116000","","","1900/01/01","9999/12/31","2018/03/06 16:46",
"東北","福島ガス発電株式会社","6AQR25002","福島天然ガス発電所","火力（ガス）","1号機","590000","","","2020/04/30","9999/12/31","2020/03/02 18:06",
"東北","福島ガス発電株式会社","6AQR25002","福島天然ガス発電所","火力（ガス）","2号機","590000","","","2020/08/24","9999/12/31","2020/08/21 15:54",
"中国","中国電力株式会社","71202","新小野田発電所第１号機","火力（石炭）","１号機","500000","","","1900/01/01","9999/12/31","2016/04/21 12:05",
"中国","中国電力株式会社","71203","新小野田発電所第２号機","火力（石炭）","２号機","500000","","","1900/01/01","9999/12/31","2016/04/21 12:06",
"中国","エネルギア・パワー山口株式会社","72203","防府バイオマス発電所","火力（石炭）","1号機","112000","","","2019/07/21","2039/07/20","2023/01/17 15:54",
"中国","中国電力株式会社","72408","柳井発電所第１号系列上位","火力（ガス）","１－２号","131000","","","1900/01/01","9999/12/31","2019/03/07 19:01",
"中国","中国電力株式会社","72408","柳井発電所第１号系列上位","火力（ガス）","１－３号","131000","","","1900/01/01","9999/12/31","2019/03/07 19:00",
"中国","中国電力株式会社","72408","柳井発電所第１号系列上位","火力（ガス）","１－４号","131000","","","1900/01/01","9999/12/31","2019/03/07 19:00",
"中国","中国電力株式会社","72408","柳井発電所第１号系列上位","火力（ガス）","１－５号","131000","","","1900/01/01","9999/12/31","2019/03/07 18:59",
"中国","中国電力株式会社","72408","柳井発電所第１号系列上位","火力（ガス）","１－６号","131000","","","1900/01/01","9999/12/31","2019/03/07 18:58",
"中国","中国電力株式会社","72410","柳井発電所第２号系列","火力（ガス）","２－１号","198000","","","1900/01/01","9999/12/31","2016/04/21 12:03",
"中国","中国電力株式会社","72410","柳井発電所第２号系列","火力（ガス）","２－２号","198000","","","1900/01/01","9999/12/31","2016/04/21 12:04",
"中国","中国電力株式会社","72410","柳井発電所第２号系列","火力（ガス）","２－３号","198000","","","1900/01/01","9999/12/31","2016/04/21 12:04",
"中国","中国電力株式会社","72410","柳井発電所第２号系列","火力（ガス）","２－４号","198000","","","1900/01/01","9999/12/31","2016/04/21 12:05",
"中国","中国電力株式会社","73001","三隅発電所第１号機","火力（石炭）","１号機","1000000","","","1900/01/01","9999/12/31","2022/11/01 11:14",
"中国","中国電力株式会社","74104","南原発電所","水力","１号機","310000","","","1900/01/01","9999/12/31","2016/04/12 10:00",
"中国","中国電力株式会社","74104","南原発電所","水力","２号機","310000","","","1900/01/01","9999/12/31","2016/04/12 10:03",
"中国","中国電力株式会社","74209","柳井発電所第１号系列下位","火力（ガス）","１－１号","131000","","","1900/01/01","9999/12/31","2019/03/07 19:02",
"中国","中国電力株式会社","75101","大崎発電所第１号１軸","火力（石炭）","単独","259000","","","1900/01/01","9999/12/31","2016/04/25 14:04",
"中国","電源開発","75202","電源開発竹原火力発電所新１号機","火力（石炭）","1号機","600000","","","2020/06/30","9999/12/31","2020/06/24 18:08",
"中国","電源開発","75202","電源開発竹原火力発電所３号機","火力（石炭）","3号機","700000","","","1900/01/01","9999/12/31","2016/04/12 11:10",
"中国","中国電力株式会社","76301","玉島発電所第１号機","火力（ガス）","１号機","350000","","","1900/01/01","9999/12/31","2018/10/15 19:43",
"中国","瀬戸内共同火力株式会社","76308","福山共同発電所","火力（ガス）","新１号機","149000","","","1900/01/01","9999/12/31","2016/06/21 11:04",
"中国","瀬戸内共同火力株式会社","76308","福山共同発電所","火力（ガス）","新2号機","230000","","","2020/12/28","9999/12/31","2020/12/28 13:09",
"中国","瀬戸内共同火力株式会社","76308","福山共同発電所","火力（ガス）","４号機","163000","","","1900/01/01","9999/12/31","2016/06/21 11:05",
"中国","瀬戸内共同火力株式会社","76308","福山共同発電所","火力（ガス）","５号機","163000","","","1900/01/01","9999/12/31","2016/06/21 11:05",
"中国","瀬戸内共同火力株式会社","76308","福山共同発電所","火力（ガス）","６号機","163000","","","1900/01/01","9999/12/31","2016/06/21 11:05",
"中国","中国電力株式会社","76310","玉島発電所第３号機","火力（石油）","３号機","500000","","","1900/01/01","9999/12/31","2016/04/21 11:49",
"中国","中国電力株式会社","76311","玉島発電所第２号機","火力（石油）","２号機","350000","","","1900/01/01","9999/12/31","2016/04/21 11:48",
"中国","中国電力株式会社","76401","水島発電所第１号機","火力（ガス）","１号機","285000","","","1900/01/01","9999/12/31","2016/04/21 11:27",
"中国","水島エネルギーセンター株式会社","76404","水島MZ","火力（石炭）","単独","112000","","","1900/01/01","9999/12/31","2017/11/29 10:45",
"中国","瀬戸内共同火力株式会社","76412","倉敷共同発電所","火力（ガス）","新１号機","149000","","","1900/01/01","9999/12/31","2016/06/21 11:06",
"中国","瀬戸内共同火力株式会社","76412","倉敷共同発電所","火力（ガス）","３号機","156000","","","1900/01/01","9999/12/31","2016/06/21 11:06",
"中国","瀬戸内共同火力株式会社","76412","倉敷共同発電所","火力（ガス）","４号機","156000","","","1900/01/01","9999/12/31","2016/06/21 11:06",
"中国","瀬戸内共同火力株式会社","76412","倉敷共同発電所","火力（石炭）","５号機","156000","","","1900/01/01","9999/12/31","2016/06/21 11:06",
"中国","中国電力株式会社","76414","水島発電所第３号機","火力（ガス）","３号機","340000","","","1900/01/01","9999/12/31","2016/04/21 11:29",
"中国","中国電力株式会社","78101","島根原子力発電所第２号機","原子力","単独","820000","","","1900/01/01","9999/12/31","2016/04/12 12:02",
"中国","中国電力株式会社","78301","俣野川発電所","水力","１号機","300000","","","1900/01/01","9999/12/31","2016/04/12 09:54",
"中国","中国電力株式会社","78301","俣野川発電所","水力","２号機","300000","","","1900/01/01","9999/12/31","2016/04/12 09:55",
"中国","中国電力株式会社","78301","俣野川発電所","水力","３号機","300000","","","1900/01/01","9999/12/31","2016/04/12 09:57",
"中国","中国電力株式会社","78301","俣野川発電所","水力","４号機","300000","","","1900/01/01","9999/12/31","2016/04/12 09:58",
"中国","中国電力株式会社","7B291","三隅発電所第２号機","火力（石炭）","２号機","1000000","","","2022/11/01","9999/12/31","2022/11/01 11:13",
"中国","大崎クールジェン株式会社","7D657","酸素吹石炭ガス化複合発電実証試験発電所","火力（石炭）","単独","166000","","","1900/01/01","9999/12/31","2017/04/11 14:06",
"四国","住友共同電力株式会社","80651","壬生川火力発電所","火力（石炭）","１号機","250000","","","1900/01/01","9999/12/31","2021/11/22 18:11",
"四国","住友共同電力株式会社","80651","新居浜西火力発電所","火力（石炭）","３号機","150000","","","1900/01/01","9999/12/31","2021/11/22 18:10",
"四国","四国電力(株)","80701-1","四国電力　西条発電所","火力（石炭）","１号機","500000","","","2022/12/17","9999/12/31","2022/12/09 15:24",
"四国","四国電力(株)","80702","四国電力　西条発電所","火力（石炭）","２号機","250000","","","1900/01/01","9999/12/31","2016/04/12 15:43",
"四国","四国電力(株)","81101","四国電力　坂出発電所","火力（ガス）","１号機","296000","","","1900/01/01","9999/12/31","2016/04/12 15:43",
"四国","四国電力(株)","81102","四国電力　坂出発電所","火力（ガス）","２号機","289000","","","1900/01/01","9999/12/31","2016/04/12 15:44",
"四国","四国電力(株)","81103","四国電力　坂出発電所","火力（石油）","３号機","450000","","","1900/01/01","9999/12/31","2016/04/12 15:44",
"四国","四国電力(株)","81104","四国電力　坂出発電所","火力（ガス）","４号機","350000","","","1900/01/01","9999/12/31","2016/04/12 15:45",
"四国","四国電力(株)","81803","四国電力　伊方発電所","原子力","３号機","890000","","","1900/01/01","9999/12/31","2016/04/12 16:54",
"四国","四国電力(株)","82402","四国電力　本川発電所","水力","１号機","315000","","","1900/01/01","9999/12/31","2016/04/12 16:54",
"四国","四国電力(株)","82403","四国電力　本川発電所","水力","２号機","300000","","","1900/01/01","9999/12/31","2016/04/12 16:55",
"四国","四国電力(株)","83201","四国電力　橘湾発電所","火力（石炭）","単独","700000","","","1900/01/01","9999/12/31","2018/02/06 16:49",
"四国","電源開発","83251","電源開発橘湾火力発電所","火力（石炭）","1号機","1050000","","","1900/01/01","9999/12/31","2016/04/12 11:11",
"四国","電源開発","83251","電源開発橘湾火力発電所","火力（石炭）","2号機","1050000","","","1900/01/01","9999/12/31","2016/04/12 11:12",
"九州","九州電力株式会社","91061","新小倉発電所","火力（ガス）","３号機","600000","","","1900/01/01","9999/12/31","2016/04/12 15:13",
"九州","九州電力株式会社","91061","新小倉発電所","火力（ガス）","５号機","600000","","","1900/01/01","9999/12/31","2016/04/12 15:15",
"九州","ひびき発電合同会社","919CZ","ひびき発電所","火力（ガス）","単独","622600","","","2026/03/06","9999/12/31","2026/03/05 15:32",
"九州","九州電力株式会社","93062","新大分発電所","火力（ガス）","１号系列第１軸","120000","","","1900/01/01","9999/12/31","2020/04/06 17:51",
"九州","九州電力株式会社","93062","新大分発電所","火力（ガス）","１号系列第２軸","120000","","","1900/01/01","9999/12/31","2020/04/06 17:54",
"九州","九州電力株式会社","93062","新大分発電所","火力（ガス）","１号系列第３軸","120000","","","1900/01/01","9999/12/31","2020/04/06 17:57",
"九州","九州電力株式会社","93062","新大分発電所","火力（ガス）","１号系列第４軸","120000","","","1900/01/01","9999/12/31","2020/04/06 18:01",
"九州","九州電力株式会社","93062","新大分発電所","火力（ガス）","１号系列第５軸","120000","","","1900/01/01","9999/12/31","2020/04/06 18:02",
"九州","九州電力株式会社","93062","新大分発電所","火力（ガス）","１号系列第６軸","120000","","","1900/01/01","9999/12/31","2020/04/06 18:03",
"九州","九州電力株式会社","93062","新大分発電所","火力（ガス）","２号系列第１軸","230000","","","1900/01/01","9999/12/31","2016/09/30 15:40",
"九州","九州電力株式会社","93062","新大分発電所","火力（ガス）","２号系列第２軸","230000","","","1900/01/01","9999/12/31","2016/09/30 15:41",
"九州","九州電力株式会社","93062","新大分発電所","火力（ガス）","２号系列第３軸","230000","","","1900/01/01","9999/12/31","2016/09/30 15:41",
"九州","九州電力株式会社","93062","新大分発電所","火力（ガス）","２号系列第４軸","230000","","","1900/01/01","9999/12/31","2016/09/30 15:42",
"九州","九州電力株式会社","93062","新大分発電所","火力（ガス）","３号系列第１軸","245000","","","1900/01/01","9999/12/31","2016/04/12 16:03",
"九州","九州電力株式会社","93062","新大分発電所","火力（ガス）","３号系列第２軸","245000","","","1900/01/01","9999/12/31","2016/04/12 16:04",
"九州","九州電力株式会社","93062","新大分発電所","火力（ガス）","３号系列第３軸","245000","","","1900/01/01","9999/12/31","2016/04/12 16:05",
"九州","九州電力株式会社","93062","新大分発電所","火力（ガス）","３号系列第４軸","500000","","","1900/01/01","9999/12/31","2022/02/01 16:41",
"九州","九州共同発電株式会社","932PC","大分共同発電所","火力（ガス）","1号機","255000","","","1900/01/01","9999/12/31","2024/10/08 16:21",
"九州","九州共同発電株式会社","932PC","大分共同発電所","火力（ガス）","2号機","255000","","","1900/01/01","9999/12/31","2024/10/08 16:21",
"九州","九州共同発電株式会社","932PC","大分共同発電所","火力（ガス）","3号機","147000","","","1900/01/01","9999/12/31","2024/10/08 16:22",
"九州","株式会社三池火力発電所","940PB","三池発電所","火力（石炭）","2号機","175000","","","1900/01/01","9999/12/31","2024/06/07 08:59",
"九州","九州電力株式会社","95001","玄海原子力発電所","原子力","３号機","1180000","","","1900/01/01","9999/12/31","2016/04/13 14:11",
"九州","九州電力株式会社","95001","玄海原子力発電所","原子力","４号機","1180000","","","1900/01/01","9999/12/31","2016/04/13 14:12",
"九州","九州電力株式会社","95012","天山発電所","水力","１号機","300000","","","1900/01/01","9999/12/31","2016/04/12 14:36",
"九州","九州電力株式会社","95012","天山発電所","水力","２号機","300000","","","1900/01/01","9999/12/31","2016/04/12 14:38",
"九州","九州電力株式会社","95062","松浦発電所","火力（石炭）","１号機","700000","","","1900/01/01","9999/12/31","2019/11/15 10:35",
"九州","九州電力株式会社","95062","松浦発電所","火力（石炭）","２号機","1000000","","","2019/06/01","9999/12/31","2019/11/15 10:43",
"九州","電源開発","950AA","電源開発松島火力発電所","火力（石炭）","2号機","500000","","","1900/01/01","9999/12/31","2016/04/12 11:15",
"九州","電源開発","950AB","電源開発松浦火力発電所","火力（石炭）","1号機","1000000","","","1900/01/01","9999/12/31","2016/04/12 11:22",
"九州","電源開発","950AB","電源開発松浦火力発電所","火力（石炭）","2号機","1000000","","","1900/01/01","9999/12/31","2016/04/12 11:30",
"九州","九州電力株式会社","97015","大平発電所","水力","１号機","250000","","","1900/01/01","9999/12/31","2016/04/12 14:35",
"九州","九州電力株式会社","97015","大平発電所","水力","２号機","250000","","","1900/01/01","9999/12/31","2016/04/12 14:35",
"九州","九州電力株式会社","97061","苓北発電所","火力（石炭）","１号機","700000","","","1900/01/01","9999/12/31","2016/04/12 15:04",
"九州","九州電力株式会社","97061","苓北発電所","火力（石炭）","２号機","700000","","","1900/01/01","9999/12/31","2016/04/12 15:06",
"九州","九州電力株式会社","98001","川内原子力発電所","原子力","１号機","890000","","","1900/01/01","9999/12/31","2016/04/13 14:14",
"九州","九州電力株式会社","98001","川内原子力発電所","原子力","２号機","890000","","","1900/01/01","9999/12/31","2016/04/13 14:16",
"九州","九州電力株式会社","98037","小丸川発電所","水力","１号機","300000","","","1900/01/01","9999/12/31","2016/04/12 14:39",
"九州","九州電力株式会社","98037","小丸川発電所","水力","２号機","300000","","","1900/01/01","9999/12/31","2016/04/12 14:39",
"九州","九州電力株式会社","98037","小丸川発電所","水力","３号機","300000","","","1900/01/01","9999/12/31","2016/04/12 14:41",
"九州","九州電力株式会社","98037","小丸川発電所","水力","４号機","300000","","","1900/01/01","9999/12/31","2016/04/12 14:42",
"九州","株式会社響灘火力発電所","H709","響灘火力発電所","その他","1号機","112000","","","2019/02/15","9999/12/31","2024/11/20 09:16",
"東北","相馬エネルギーパーク合同会社","O674624B07","相馬石炭・バイオマス発電所","火力（石炭）","単独","112000","","","2018/02/24","9999/12/31","2020/08/31 16:21",
"九州","響灘エネルギーパーク合同会社","OA32915H40","ひびき灘石炭・バイオマス発電所","火力（石炭）","単独","112000","","","2018/12/01","9999/12/31","2020/09/01 10:58",
